{"cameraMode":{"drawMode":0,"name":"Shaded","section":"Shading Mode"},"sceneLighting":false,"audioPlay":false,"sceneViewState":{"showFog":false,"showMaterialUpdate":false,"showSkybox":true,"showFlares":false,"showImageEffects":false,"showParticleSystems":false},"in2DMode":false,"pivot":{"x":0.705437183380127,"y":1.5052295923233033,"z":0.5256128311157227},"rotation":{"x":-0.053066469728946689,"y":0.8584302663803101,"z":-0.09073663502931595,"w":-0.5020453929901123},"size":3.8927242755889894,"orthographic":false}